<?xml version="1.0" encoding="UTF-8"?>
<beans xmlns="http://www.springframework.org/schema/beans"
  xmlns:xsi="http://www.w3.org/2001/XMLSchema-instance" xmlns:mvc="http://www.springframework.org/schema/mvc"
  xmlns:context="http://www.springframework.org/schema/context"
  xsi:schemaLocation="
     http://www.springframework.org/schema/mvc http://www.springframework.org/schema/mvc/spring-mvc-3.0.xsd
     http://www.springframework.org/schema/beans http://www.springframework.org/schema/beans/spring-beans-3.0.xsd
     http://www.springframework.org/schema/context http://www.springframework.org/schema/context/spring-context-3.0.xsd">
 
<context:component-scan base-package="com.sumadhura.*"/>
<mvc:annotation-driven />

 <!-- <bean   class="org.springframework.web.servlet.view.InternalResourceViewResolver" >
           <property name="prefix">
              <value>/</value>
           </property>
           <property name="suffix">
              <value>.jsp</value>
           </property>
        </bean> -->
        
           <mvc:interceptors>
  <bean class="com.sumadhura.interceptor.AuthenticationInterceptor" />
</mvc:interceptors>
     <bean class="org.springframework.web.servlet.mvc.annotation.DefaultAnnotationHandlerMapping">
      <property name="interceptors">
        <ref bean="authenticationInterceptor"/>
      </property>
     </bean> 
     
     
        
        <bean class="org.springframework.web.servlet.view.InternalResourceViewResolver">  
<property name="prefix" value="/WEB-INF/jsp/"></property>  
<property name="suffix" value=".jsp"></property>  
</bean> 

<bean id="multipartResolver"
		class="org.springframework.web.multipart.commons.CommonsMultipartResolver">
		<property name="maxUploadSize" value="20971520" />
		</bean>
    
</beans>